fecha,monterrey,guadalupe,apodaca,sannicolasdelosgarza,generalescobedo,juarez,santacatarina,garcia,cadereyta,sanpedro,pesqueria,montemorelos,santiago,salinasvictoria,linares,generalzuazua,elcarmen,sabinashidalgo,allende,cienegadeflores,galeana,doctorarroyo,generalteran,generalbravo,china,aramberri,villaldama,hidalgo,marin,hualahuises,cerralvo,losramones,lampazos,anahuac,abasolo,mierynoriega,doctorcoss,iturbide,losherreras,paras,mina,higueras,bustamante,agualeguas,doctorgonzalez,generalzaragoza,generaltrevino,vallecillo,losaldamas,melchorocampo,rayones,otrosEstados
2020-04-11,56,25,7,6,10,3,5,7,6,55,0,0,0,2,0,0,1,0,0,1,0,0,0,0,0,0,0,0,0,0,0,0,0,0,0,0,0,0,0,0,0,0,0,0,0,0,0,0,0,0,0,8
2020-04-12,59,26,8,7,10,3,5,8,8,55,0,0,0,2,0,0,1,0,0,1,0,0,0,0,0,0,0,0,0,0,0,0,0,0,0,0,0,0,0,0,0,0,0,0,0,0,0,0,0,0,0,8
2020-04-13,60,26,8,7,11,3,5,9,8,57,0,0,0,2,0,0,2,0,0,1,0,0,0,0,0,0,0,0,0,0,0,0,0,0,0,0,0,0,0,0,0,0,0,0,0,0,0,0,0,0,0,9
2020-04-14,61,29,8,8,12,3,5,9,8,59,0,0,0,2,0,0,2,0,0,1,0,0,0,0,0,0,0,0,0,0,0,0,0,0,0,0,0,0,0,0,0,0,0,0,0,0,0,0,0,0,0,9
2020-04-15,69,29,10,9,13,4,5,10,8,59,0,0,0,2,0,0,2,0,0,1,0,0,0,0,0,0,0,0,0,0,0,0,0,0,0,0,0,0,0,0,0,0,0,0,0,0,0,0,0,0,0,9
2020-04-16,69,31,13,10,16,4,6,11,8,59,0,0,0,2,0,0,2,0,0,1,0,0,0,0,0,0,0,0,0,0,0,0,0,0,0,0,0,0,0,0,0,0,0,0,0,0,0,0,0,0,0,9
2020-04-17,71,31,14,10,17,4,6,11,9,59,0,0,0,2,0,0,2,0,0,1,0,0,0,0,0,0,0,0,0,0,0,0,0,0,0,0,0,0,0,0,0,0,0,0,0,0,0,0,0,0,0,9
2020-04-18,72,33,16,11,19,5,7,11,9,59,1,0,0,2,0,0,3,0,0,1,0,0,0,0,0,0,0,0,0,0,0,0,0,0,0,0,0,0,0,0,0,0,0,0,0,0,0,0,0,0,0,9
2020-04-19,73,35,17,11,20,5,7,11,9,59,1,0,0,2,0,0,3,0,0,1,0,0,0,0,0,0,0,0,0,0,0,0,0,0,0,0,0,0,0,0,0,0,0,0,0,0,0,0,0,0,0,17
2020-04-20,73,35,17,11,20,5,7,11,9,59,1,0,0,2,0,0,4,1,0,1,0,0,0,0,0,0,0,0,0,0,0,0,0,0,0,0,0,0,0,0,0,0,0,0,0,0,0,0,0,0,0,27
2020-04-21,80,37,21,11,21,5,7,12,9,59,1,0,0,3,0,0,5,1,0,1,0,0,0,0,0,0,0,0,0,0,0,0,0,0,0,0,0,0,0,0,0,0,0,0,0,0,0,0,0,0,0,28
2020-04-22,89,41,23,16,23,8,9,12,9,59,1,0,0,3,2,0,6,1,0,1,0,0,0,0,0,0,0,0,0,0,0,0,0,0,0,0,0,0,0,0,0,0,0,0,0,0,0,0,0,0,0,28
2020-04-23,158,69,39,19,25,24,17,15,12,59,1,0,0,3,2,0,6,1,0,1,0,0,1,0,0,0,0,0,0,0,0,0,0,0,0,0,0,0,0,0,0,0,0,0,0,0,0,0,0,0,0,44
2020-04-24,168,75,46,24,32,26,17,15,12,59,1,0,0,3,2,1,7,1,0,1,0,0,1,0,0,0,0,1,0,0,0,0,0,0,0,0,0,0,0,0,0,0,0,0,0,0,0,0,0,0,0,44
2020-04-25,195,80,54,32,40,27,19,16,12,61,1,0,0,4,2,2,8,1,0,2,0,0,1,0,0,0,0,1,0,0,0,0,0,1,0,0,0,0,0,0,0,0,0,0,0,0,0,0,0,0,0,45
2020-04-26,199,80,56,33,40,27,20,16,12,61,1,1,0,4,2,2,8,1,0,2,0,0,1,0,0,0,0,1,0,0,0,0,0,1,0,0,0,0,0,0,0,0,0,0,0,0,0,0,0,0,0,45
2020-04-27,207,82,57,33,40,32,23,17,12,64,1,1,0,4,2,2,8,1,0,2,0,0,1,0,0,0,0,1,0,0,0,0,0,1,0,0,0,0,0,0,0,0,0,0,0,0,0,0,0,0,0,45
2020-04-28,210,83,58,35,40,32,23,17,12,64,2,2,0,4,2,2,8,1,1,2,0,0,1,0,0,0,0,1,0,0,0,0,0,1,0,0,0,0,0,0,0,0,0,0,0,0,0,0,0,0,0,45
2020-04-29,216,88,61,36,40,33,23,17,12,64,4,2,0,5,5,2,8,1,1,3,0,0,1,0,0,0,0,1,0,0,0,0,0,1,0,0,0,0,0,0,0,0,0,0,0,0,0,0,0,0,0,45
2020-04-30,221,90,66,37,41,38,23,19,12,64,4,2,0,5,5,2,8,1,1,3,0,0,1,0,0,0,0,1,0,0,0,0,0,1,0,0,0,0,0,0,0,0,0,0,0,0,0,0,0,0,0,46
2020-05-01,222,102,77,38,45,46,29,19,12,64,5,2,0,5,5,3,8,1,1,3,0,0,1,0,0,0,0,1,0,0,0,0,0,1,1,0,0,0,0,0,0,0,0,0,0,0,0,0,0,0,0,46
2020-05-02,227,104,83,41,47,52,29,23,15,64,8,2,0,6,5,3,8,1,2,3,0,0,1,0,0,0,0,1,0,0,0,0,0,1,1,0,0,0,0,0,0,0,0,0,0,0,0,0,0,0,0,46
2020-05-03,234,109,87,42,49,56,29,23,15,64,9,2,0,6,5,3,8,1,3,3,0,0,1,0,0,0,0,1,0,0,0,0,0,1,1,0,0,0,0,0,0,0,0,0,0,0,0,0,0,0,0,47
2020-05-04,237,113,94,43,52,57,33,23,17,64,10,2,1,6,5,3,9,1,4,3,0,0,1,0,0,0,0,1,0,0,0,0,0,1,1,0,0,0,0,0,0,0,0,0,0,0,0,0,0,0,0,47
2020-05-05,245,114,94,45,59,59,33,24,17,64,10,2,1,6,5,3,9,1,4,3,0,0,1,0,0,0,0,1,0,0,0,0,0,1,1,0,0,0,0,0,0,0,0,0,0,0,0,0,0,0,0,47
2020-05-06,252,132,103,46,66,67,36,26,19,64,12,2,1,6,5,3,9,1,4,4,0,0,1,0,0,0,0,1,0,0,0,0,0,1,1,0,0,0,0,0,0,0,0,0,0,0,0,0,0,0,0,47
2020-05-07,254,173,108,48,66,68,36,26,20,64,13,2,1,6,5,3,9,1,4,4,0,0,1,0,0,0,0,1,0,0,0,0,0,1,1,0,0,0,0,0,0,0,0,0,0,0,0,0,0,0,0,47
2020-05-08,258,182,112,48,66,72,38,26,21,64,13,2,1,6,5,4,9,1,4,4,0,0,1,0,0,0,0,1,0,0,0,0,0,1,1,0,0,0,0,0,0,0,0,0,0,0,0,0,0,0,0,47
2020-05-09,264,186,112,51,71,75,40,27,23,64,13,2,1,6,5,4,9,1,4,4,0,0,1,0,1,0,0,1,0,0,0,0,0,1,1,0,0,0,0,0,0,0,0,0,0,0,0,0,0,0,0,48
2020-05-10,274,197,114,52,76,75,43,30,24,64,14,2,1,6,5,4,9,1,4,5,0,0,1,0,1,0,0,1,0,0,0,0,0,1,1,0,0,0,0,0,0,0,0,0,0,0,0,0,0,0,0,48
2020-05-11,276,201,119,52,77,75,44,32,25,64,15,3,1,6,6,4,10,1,4,5,0,0,1,1,1,0,0,1,0,0,0,0,0,1,1,0,0,0,0,0,0,1,0,0,0,0,0,0,0,0,0,48
2020-05-12,280,212,128,52,79,83,44,33,26,64,15,3,1,6,6,4,10,1,4,5,0,0,1,1,1,0,0,1,0,0,0,0,0,1,1,0,0,0,0,0,0,1,0,0,0,0,0,0,0,0,0,48
2020-05-13,289,231,138,56,83,94,48,36,27,66,16,5,1,6,6,5,10,1,5,5,0,0,1,1,1,0,0,1,0,0,0,0,0,1,1,0,0,0,0,0,0,1,0,0,0,0,0,0,0,0,0,48
2020-05-14,299,258,147,58,86,98,50,38,27,68,16,5,4,6,6,5,10,1,5,6,0,0,1,1,1,0,0,1,0,0,0,0,0,1,1,0,0,0,0,0,0,1,0,0,0,0,0,0,0,0,0,48
2020-05-15,309,265,148,62,88,101,54,39,27,74,16,6,4,6,6,5,10,1,5,6,0,0,1,1,1,0,0,1,0,0,0,0,0,1,1,0,0,0,0,0,0,1,0,0,0,0,0,0,0,0,0,49
2020-05-16,323,283,180,66,90,108,54,43,29,79,19,6,4,6,6,6,10,2,5,7,0,0,1,1,1,0,0,1,1,0,0,0,0,1,1,0,0,0,0,0,0,1,0,0,0,0,0,0,0,0,0,50
2020-05-17,357,302,185,74,96,110,59,47,30,81,20,7,6,6,6,6,10,1,6,9,0,0,1,1,3,0,0,1,1,0,0,0,0,1,1,0,0,0,0,0,0,1,0,0,0,0,0,0,1,0,0,50
2020-05-18,383,320,210,84,109,118,59,51,31,81,20,7,6,8,6,6,12,1,7,10,1,0,1,1,3,0,0,1,2,0,0,0,0,1,1,0,0,0,0,0,0,1,0,0,0,0,0,0,1,0,0,50
2020-05-19,401,342,221,88,113,127,66,52,34,86,20,7,6,8,6,6,14,1,7,10,1,0,1,1,3,0,0,1,3,0,0,0,0,1,1,0,0,0,0,0,0,1,0,0,0,0,0,0,1,0,0,50
2020-05-20,412,350,240,93,115,131,70,52,35,89,20,7,6,10,7,6,14,1,7,10,1,0,1,1,3,0,0,1,4,0,0,0,0,1,1,0,0,0,0,0,0,1,0,0,0,0,0,0,1,0,0,51
2020-05-21,428,370,256,101,119,139,71,53,36,90,20,8,7,11,7,6,14,1,7,10,1,0,1,1,3,0,0,1,4,0,0,0,0,1,1,0,0,0,0,0,0,1,0,0,0,0,0,0,1,0,0,51
2020-05-22,441,387,271,105,119,142,72,58,37,94,20,8,7,11,7,6,15,2,7,10,1,0,1,1,3,0,0,1,7,0,0,0,0,1,1,0,0,0,0,0,0,1,0,0,0,0,0,0,1,0,0,51
2020-05-23,460,411,288,113,122,150,75,61,38,95,22,8,7,11,7,7,16,2,7,10,6,0,1,1,3,0,0,1,7,0,0,0,0,1,1,0,0,0,0,0,0,1,0,0,0,0,0,0,1,0,0,52
2020-05-24,501,427,305,121,131,159,78,62,39,104,23,11,10,13,7,7,17,3,7,10,8,0,2,1,4,0,0,1,7,0,0,0,0,1,1,0,0,0,0,0,0,1,0,0,0,0,0,0,1,0,0,53
2020-05-25,513,437,313,125,134,162,80,63,40,104,24,12,10,13,7,7,18,3,8,12,8,0,2,1,4,0,0,1,7,0,0,0,0,1,1,0,0,0,0,0,0,1,0,0,0,0,0,0,1,0,0,54
2020-05-26,538,467,336,133,138,165,86,65,41,109,27,12,11,15,8,7,18,3,8,13,12,0,2,1,4,0,0,1,11,0,0,0,0,1,1,0,0,0,0,0,0,3,0,0,0,0,0,0,1,0,0,54
2020-05-27,553,477,349,136,140,169,86,65,42,110,28,12,11,15,8,9,18,3,8,13,12,0,2,1,4,0,0,1,11,0,0,0,0,1,1,0,0,0,0,0,0,3,0,0,0,0,0,0,1,0,0,54
2020-05-28,584,501,366,145,144,184,89,66,45,110,31,12,11,18,8,9,20,5,8,13,12,0,2,1,5,0,0,1,11,0,0,0,0,1,1,0,0,0,0,0,0,3,0,0,0,0,0,0,1,0,0,56
2020-05-29,627,521,378,164,175,191,92,71,46,110,32,12,11,20,8,12,22,12,8,13,12,0,2,1,5,0,0,1,11,0,0,0,0,1,1,0,0,0,0,0,0,3,0,0,0,0,0,0,1,0,0,62
2020-05-30,641,534,398,165,177,204,96,73,46,112,33,13,11,20,12,17,22,14,9,13,13,0,2,1,5,2,0,1,11,0,0,0,0,1,1,0,0,0,0,0,0,3,0,0,0,0,0,0,1,0,0,63
2020-05-31,667,548,404,169,181,207,109,82,52,122,34,13,11,20,12,18,22,16,9,13,13,0,2,1,6,2,0,1,11,0,0,0,0,1,1,0,0,0,0,0,0,3,0,0,0,0,0,0,1,0,0,64
2020-06-01,679,561,415,172,186,212,116,89,53,126,34,13,11,21,12,19,22,25,10,13,13,1,2,1,6,2,0,1,11,0,0,0,0,1,1,0,0,0,0,0,1,3,0,0,0,0,0,0,1,0,0,65
2020-06-02,711,572,423,181,195,217,121,89,53,128,35,13,13,21,18,19,22,25,10,13,13,1,2,1,7,2,0,2,11,0,0,0,0,1,1,0,0,2,0,0,1,3,0,0,0,0,0,0,1,0,0,69
2020-06-03,757,591,431,186,197,219,124,91,53,129,35,13,14,22,20,20,22,34,10,14,13,4,2,1,7,2,0,2,11,0,0,0,0,1,1,0,0,2,0,0,1,3,0,0,0,0,0,0,1,0,0,69
2020-06-04,802,613,445,205,203,228,136,99,55,132,36,15,14,22,22,22,23,34,10,14,13,4,2,1,7,2,0,2,11,0,0,0,0,1,1,0,0,2,0,0,2,3,0,0,0,1,0,0,1,0,0,70
2020-06-05,826,627,457,216,208,234,143,112,70,133,38,54,16,22,27,22,24,37,15,15,13,4,2,1,7,2,0,2,11,0,0,0,0,1,1,0,0,2,0,0,2,3,0,0,0,1,0,0,1,0,0,72
2020-06-06,844,639,478,228,222,237,150,126,77,141,41,55,16,25,27,24,25,37,15,16,13,5,12,1,7,2,0,4,11,0,0,0,0,1,1,0,0,2,0,0,2,3,0,0,0,1,0,0,1,0,0,72
2020-06-07,909,681,485,231,223,266,153,127,85,141,41,56,17,25,31,24,26,37,15,17,13,5,12,1,7,2,0,4,11,0,1,0,0,1,1,0,0,2,0,0,2,3,0,0,0,1,0,0,1,0,0,72
2020-06-08,981,724,490,237,226,291,153,128,88,142,42,56,24,25,39,26,27,37,16,17,13,6,12,1,8,2,0,4,11,0,1,0,0,1,1,0,0,2,0,0,3,3,0,0,0,1,0,0,1,0,0,75
2020-06-09,1026,742,498,264,249,295,156,131,96,142,42,56,24,27,43,26,28,38,16,17,13,6,12,1,8,2,0,4,11,0,1,0,4,1,1,0,0,2,0,0,3,3,0,0,0,1,0,0,1,0,0,75
2020-06-10,1062,795,507,274,252,309,162,138,96,144,44,57,24,28,43,26,28,38,17,17,13,6,13,1,8,2,0,4,11,0,1,0,4,1,1,0,0,2,0,0,3,3,0,0,0,1,0,0,1,0,0,77
2020-06-11,1129,808,532,284,259,313,166,141,110,144,46,64,27,30,47,26,30,38,17,17,14,7,13,1,8,2,1,4,11,1,1,1,4,1,1,0,0,2,1,0,3,3,0,0,0,1,0,0,1,1,0,78
2020-06-12,1172,843,563,295,266,324,175,143,122,144,51,70,27,31,50,26,30,43,17,17,20,7,13,1,8,2,3,4,12,1,1,1,4,1,1,1,0,2,1,0,3,3,0,0,0,1,0,0,1,1,0,78
2020-06-13,1216,865,594,330,286,337,177,146,133,147,55,72,28,33,50,27,31,43,18,18,25,7,13,1,8,2,3,4,12,1,1,1,4,1,1,1,0,2,1,0,3,3,0,0,0,1,0,0,1,1,0,78
2020-06-14,1268,898,615,343,319,342,182,149,137,148,55,72,29,35,50,29,34,43,18,19,25,7,13,1,8,2,3,4,12,1,1,1,4,1,1,1,0,2,1,0,3,3,0,0,0,1,0,0,1,1,0,81
2020-06-15,1297,952,629,360,332,363,189,152,147,149,59,79,33,35,62,30,34,49,20,19,25,7,14,1,9,4,3,7,12,1,1,1,4,1,2,1,0,2,1,0,3,3,0,0,0,1,0,0,1,1,0,82
2020-06-16,1341,1002,652,381,338,382,202,164,157,151,64,85,35,35,64,31,35,50,21,19,25,7,14,1,11,4,3,7,12,1,1,1,4,1,2,1,0,2,1,0,3,3,0,0,0,1,0,0,1,1,0,83
2020-06-17,1465,1039,669,401,345,391,206,172,160,151,64,85,37,39,64,34,35,51,21,19,25,7,14,1,14,4,5,8,12,1,1,1,4,1,2,1,0,2,1,0,4,3,0,0,0,1,0,0,1,1,0,86
2020-06-18,1528,1090,699,415,365,410,221,179,171,153,68,90,38,39,68,37,36,51,21,20,26,7,14,1,14,4,5,8,13,1,1,1,4,1,2,1,0,2,1,0,4,3,0,0,0,1,0,0,1,1,0,86
2020-06-19,1611,1112,746,435,380,420,228,188,173,157,71,93,38,41,71,39,38,51,21,23,26,7,14,1,14,4,5,8,13,1,1,1,4,1,2,1,0,2,1,0,4,3,0,0,0,1,0,0,1,1,0,90
2020-06-20,1694,1147,786,474,394,431,240,199,179,159,74,93,43,44,72,40,41,51,21,26,26,7,14,1,14,4,6,8,13,1,1,1,4,1,2,1,0,2,1,0,4,3,0,0,0,1,0,0,1,1,0,91
2020-06-21,1747,1190,838,500,413,441,247,203,200,164,80,97,49,46,74,43,42,53,23,27,38,10,15,2,14,4,7,9,13,1,1,1,4,1,2,1,0,3,1,0,4,3,0,0,0,1,0,0,1,1,0,93
2020-06-22,1862,1221,883,529,432,456,273,209,210,166,89,104,49,50,78,44,46,54,26,31,38,10,16,2,14,5,7,9,13,1,2,1,4,1,2,1,0,3,1,0,4,3,0,1,0,1,0,0,1,1,0,101
2020-06-23,1944,1267,931,555,445,474,290,222,231,171,94,106,53,53,85,48,47,56,26,33,38,19,16,2,15,5,11,9,13,1,2,1,4,1,2,2,0,3,1,0,4,3,0,1,0,1,0,0,1,1,0,105
2020-06-24,2005,1316,997,614,480,508,312,230,239,174,99,114,54,55,88,51,51,56,27,34,38,27,16,3,18,5,11,9,13,1,2,1,5,1,2,2,0,3,1,0,4,3,0,1,0,1,0,0,1,1,0,108
2020-06-25,2117,1363,1075,656,507,516,328,248,254,179,104,115,60,57,92,51,52,67,27,35,38,28,16,3,18,5,11,9,13,1,3,1,5,1,2,2,0,3,1,0,4,3,0,1,0,1,0,0,1,1,0,115
2020-06-26,2241,1406,1142,688,529,537,335,255,269,183,108,117,62,61,94,53,53,68,27,37,39,32,16,3,18,5,11,9,13,1,3,1,5,1,2,2,0,3,1,0,4,3,0,1,0,1,0,0,1,1,0,119
2020-06-27,2427,1479,1238,749,562,574,350,277,293,188,113,123,62,62,98,60,57,76,30,39,41,33,17,3,18,5,12,9,13,1,3,1,5,1,2,3,0,3,1,0,4,3,0,2,0,1,0,1,1,1,0,128
2020-06-28,2564,1572,1322,826,621,620,379,288,295,202,125,128,67,69,98,67,63,79,31,43,41,33,18,3,19,5,12,9,14,1,3,1,5,1,2,3,0,3,1,0,4,3,0,2,1,1,0,1,1,1,0,134
2020-06-29,2691,1653,1415,906,661,656,410,307,312,209,134,138,77,83,98,77,65,79,33,45,41,33,18,5,21,5,12,9,14,1,3,1,5,1,2,3,0,3,1,0,4,3,0,2,1,1,0,1,1,1,0,142
2020-06-30,2840,1747,1497,961,709,696,460,325,326,221,143,153,90,93,107,83,68,83,42,48,49,37,18,8,24,8,12,9,14,1,4,1,5,1,4,3,0,3,1,0,4,3,0,2,1,1,0,1,1,1,0,144
2020-07-01,2998,1877,1593,1042,761,743,498,334,333,243,151,159,90,102,111,85,76,83,45,51,50,37,18,8,25,8,12,11,14,4,4,4,5,1,4,5,0,3,1,0,4,3,0,2,1,1,0,1,1,1,0,149
2020-07-02,3135,1980,1692,1099,809,780,534,348,357,259,163,164,91,104,114,91,81,85,47,52,51,40,18,9,27,12,15,12,14,4,4,7,5,1,4,5,0,3,1,0,4,3,0,2,1,1,1,1,1,1,0,156
2020-07-03,3339,2083,1745,1183,858,848,551,372,361,265,167,168,98,110,114,94,87,85,47,58,51,40,18,9,27,12,15,13,14,4,5,7,5,1,4,5,0,3,1,0,4,3,0,2,1,1,1,1,1,1,0,157
2020-07-04,3517,2173,1838,1255,922,888,599,398,376,282,174,171,102,114,122,99,93,88,53,67,51,40,19,13,27,12,16,13,14,4,5,7,5,1,4,5,0,3,1,0,4,3,0,2,1,1,1,1,1,1,0,168
2020-07-05,3712,2274,1913,1313,955,962,642,429,408,297,189,176,108,120,127,105,100,92,58,72,51,40,19,14,27,12,16,13,14,6,5,8,5,1,4,5,1,3,1,0,4,3,1,2,1,1,1,1,1,1,0,176
2020-07-06,3868,2369,1979,1344,1007,1042,709,460,429,324,199,177,109,125,128,111,101,95,61,73,51,40,19,15,27,12,16,13,14,6,5,8,5,1,4,5,2,3,1,0,4,3,1,2,1,1,1,1,1,1,0,178
2020-07-07,4121,2473,2055,1411,1057,1078,738,497,468,340,209,180,121,133,129,117,104,99,63,78,52,44,20,21,27,14,16,13,14,6,5,8,7,1,4,5,2,3,1,0,4,3,1,2,1,1,1,1,1,1,0,184
2020-07-08,4287,2590,2115,1461,1123,1115,833,527,471,372,213,185,130,146,138,124,109,101,66,81,52,44,21,21,28,14,16,13,14,7,5,8,7,1,4,5,2,3,1,0,4,3,1,2,1,1,1,1,1,1,0,196
2020-07-09,4465,2686,2222,1520,1181,1172,894,549,508,383,223,186,131,152,139,132,114,104,68,86,53,45,21,22,29,15,16,13,14,8,5,9,7,1,4,5,2,3,1,0,4,3,1,2,1,1,1,1,1,1,0,204
2020-07-10,4662,2767,2306,1617,1220,1196,924,564,529,392,242,189,134,156,140,135,122,108,69,87,54,46,22,22,30,15,16,13,15,8,5,9,7,1,4,5,2,3,1,0,4,3,1,2,1,2,2,1,1,1,0,212
2020-07-11,4830,2857,2381,1687,1253,1243,961,592,551,404,247,196,145,165,147,138,126,111,85,88,54,47,36,22,31,15,16,14,15,8,5,9,7,1,4,5,4,3,1,0,4,4,1,2,1,2,8,1,1,1,0,215
2020-07-12,5011,2932,2444,1741,1307,1279,997,616,578,411,251,202,149,172,149,138,130,112,87,95,54,49,37,23,31,17,16,14,16,8,5,9,7,1,5,5,4,3,1,1,4,4,1,2,1,2,8,1,1,1,0,225
2020-07-13,5155,3014,2501,1795,1334,1328,1040,641,598,432,261,204,158,176,155,140,133,127,93,97,63,52,40,33,38,20,16,14,16,8,5,10,7,1,5,5,4,3,1,2,4,4,3,3,2,2,8,2,1,1,0,232
2020-07-14,5313,3148,2588,1853,1387,1381,1077,665,624,448,271,212,179,181,161,147,139,128,97,100,63,52,46,35,40,20,16,14,16,13,5,10,7,1,6,6,4,3,1,2,4,4,3,3,3,2,2,2,1,1,0,238
2020-07-15,5513,3234,2649,1913,1431,1410,1123,685,628,460,281,220,184,186,167,148,144,133,105,102,68,52,47,35,40,20,17,14,16,13,5,10,7,1,6,6,4,3,1,2,4,4,3,3,3,2,2,2,1,1,0,251
2020-07-16,5663,3315,2701,1977,1464,1431,1146,704,647,468,291,222,188,202,169,150,146,135,113,104,71,52,49,40,42,20,18,14,16,13,5,10,7,2,7,6,4,3,2,2,4,4,3,3,3,2,2,2,1,1,0,262
2020-07-17,5842,3377,2760,2014,1512,1467,1211,733,665,488,298,225,189,207,170,156,149,136,114,108,73,53,49,40,42,20,18,15,16,13,5,10,7,2,7,6,4,3,2,2,4,4,3,3,3,3,2,2,1,1,0,264
2020-07-18,6044,3440,2856,2074,1552,1504,1267,770,673,507,306,231,203,214,170,158,153,142,116,115,73,53,49,40,42,20,19,15,16,13,9,10,8,5,7,6,4,3,3,2,4,4,3,3,3,3,3,2,1,1,0,274
2020-07-19,6313,3537,2915,2152,1614,1538,1340,802,694,527,310,236,211,218,184,160,160,146,121,121,74,56,49,44,44,20,19,17,16,14,10,10,8,5,7,6,5,4,4,2,4,4,3,3,3,3,3,2,1,1,0,277
2020-07-20,6487,3625,2993,2237,1666,1591,1374,821,725,543,319,249,232,221,209,169,167,153,152,124,84,60,50,48,47,21,20,17,17,14,11,10,10,10,7,7,6,5,5,5,4,4,4,3,3,3,3,2,1,1,0,282
2020-07-21,6667,3696,3088,2302,1714,1612,1447,852,729,570,324,252,233,224,215,174,173,153,153,129,84,60,50,48,47,21,20,18,17,14,11,10,10,10,7,7,6,5,5,5,4,4,4,3,3,3,3,2,1,1,0,288
2020-07-22,6849,3780,3136,2355,1758,1658,1496,883,753,589,329,255,242,230,222,176,180,158,160,135,86,60,52,49,47,21,20,18,17,15,12,10,10,10,7,7,6,5,7,5,4,4,4,3,3,3,5,2,2,1,1,300
2020-07-23,7041,3898,3208,2418,1814,1679,1535,908,785,607,333,258,246,237,235,183,182,167,167,138,86,62,54,49,47,21,21,19,17,15,15,11,10,10,9,7,6,5,7,5,4,4,4,4,4,3,7,2,2,2,1,304
2020-07-24,7190,3991,3292,2478,1850,1701,1608,951,814,624,343,263,260,250,248,187,190,172,173,142,89,64,54,56,49,22,22,23,17,15,15,11,10,21,9,8,6,5,8,6,4,4,5,4,4,3,9,2,2,4,1,313
2020-07-25,7462,4080,3368,2540,1893,1729,1638,993,831,637,352,269,262,259,262,190,194,174,179,146,93,64,54,59,50,22,22,28,17,16,15,11,10,22,9,9,6,5,8,6,4,4,5,4,5,3,9,2,2,4,1,322
2020-07-26,7664,4221,3436,2588,1949,1814,1698,1029,844,652,360,280,263,262,265,191,194,177,183,147,93,67,54,59,50,22,22,28,17,16,15,11,10,23,9,9,6,5,8,6,4,4,6,5,5,3,9,2,2,4,1,326
2020-07-27,7871,4340,3499,2631,2008,1871,1790,1070,861,677,366,283,275,265,269,197,196,180,190,151,97,74,55,61,51,27,22,29,17,16,15,11,10,23,9,10,6,5,8,6,4,6,6,5,5,3,9,2,2,4,2,330
2020-07-28,8171,4436,3572,2690,2056,1907,1832,1102,873,702,376,291,278,270,275,202,198,187,205,156,97,74,58,65,52,27,22,29,17,17,17,11,10,27,10,10,6,5,9,7,4,6,6,5,5,3,9,2,2,5,2,332
2020-07-29,8427,4514,3631,2746,2089,1946,1878,1133,879,735,381,296,279,277,281,204,201,188,206,157,97,75,58,65,52,28,22,29,17,17,20,11,10,28,10,10,6,5,9,7,4,6,6,6,5,3,9,2,2,5,2,339
2020-07-30,8624,4578,3679,2784,2146,1991,1929,1155,881,747,384,298,282,282,284,205,206,193,215,159,102,80,58,68,52,28,22,29,17,17,20,11,10,28,10,10,6,5,9,7,4,6,6,6,5,3,9,2,2,5,2,340
2020-07-31,8793,4678,3738,2846,2177,2016,1964,1176,901,756,393,305,283,291,302,209,207,198,228,164,107,89,59,71,52,28,22,29,17,17,21,11,10,31,10,10,6,5,9,7,4,6,6,6,5,3,10,2,2,5,2,345
2020-08-01,8930,4787,3814,2900,2217,2067,1971,1184,920,764,401,312,294,294,305,214,213,199,234,169,107,89,59,71,52,29,22,30,17,17,21,11,10,32,10,10,6,5,9,7,4,6,6,6,5,3,10,2,2,5,2,349
2020-08-02,9020,4831,3870,2929,2246,2074,2025,1202,933,782,405,318,295,297,323,215,215,201,242,170,108,89,60,71,52,29,23,34,17,17,23,11,12,34,10,10,6,7,9,7,4,6,6,6,5,3,10,2,2,7,2,350
2020-08-03,9200,4921,3973,2998,2276,2099,2058,1223,950,800,411,325,295,305,331,218,219,202,262,180,108,89,61,71,52,29,24,34,17,17,24,12,12,34,10,10,6,7,9,7,4,6,6,6,5,3,10,2,2,7,2,362
2020-08-04,9369,5035,4059,3075,2327,2126,2071,1234,965,808,415,341,300,306,339,220,224,207,267,183,111,98,61,71,52,29,24,34,17,17,24,12,13,35,10,11,6,7,9,7,5,6,6,6,5,4,11,2,2,7,2,371
2020-08-05,9491,5089,4105,3126,2352,2145,2138,1260,967,832,418,341,300,310,339,222,225,207,270,186,111,99,61,71,52,29,24,34,17,18,24,12,13,35,10,11,6,7,9,7,5,6,6,6,5,4,11,2,2,7,2,373
2020-08-06,9667,5164,4165,3166,2392,2186,2180,1278,1000,840,423,341,301,316,340,224,227,215,271,192,111,99,63,72,52,29,27,35,17,18,24,12,13,35,10,11,6,7,9,7,5,6,6,6,5,4,11,2,2,7,2,374
2020-08-08,9821,5249,4233,3221,2443,2230,2250,1297,1032,865,426,347,324,318,343,227,230,218,280,194,114,112,64,72,52,29,27,38,18,19,27,12,13,37,10,11,6,7,10,7,5,6,6,6,5,4,11,2,2,7,2,381
2020-08-08,10002,5341,4292,3278,2489,2259,2324,1321,1056,879,429,362,327,327,350,229,233,227,292,195,117,115,67,75,52,29,27,42,18,19,28,14,14,38,10,11,6,7,10,7,5,6,6,6,5,5,11,3,2,7,4,384
2020-08-09,10154,5455,4370,3308,2511,2298,2411,1359,1073,903,437,365,333,332,350,238,237,228,294,195,117,116,67,76,53,29,27,43,18,19,28,14,14,38,10,11,6,7,10,7,5,6,6,6,5,5,11,3,2,7,4,385
2020-08-10,10377,5515,4439,3368,2559,2312,2437,1382,1099,909,441,376,338,337,363,244,241,238,303,201,117,120,70,76,53,29,28,45,20,19,28,14,14,41,10,11,6,8,10,7,5,7,7,6,5,5,11,3,2,7,4,388
2020-08-11,10555,5620,4522,3416,2591,2386,2504,1413,1111,924,448,379,347,338,364,247,243,238,307,203,118,127,70,76,53,30,28,45,20,19,28,14,14,41,10,11,6,8,10,7,5,7,7,6,6,5,11,3,2,7,4,389
2020-08-12,10732,5729,4591,3457,2616,2441,2564,1430,1115,980,454,382,349,341,364,252,243,241,313,205,120,130,70,78,53,30,28,45,21,19,28,15,14,41,10,12,6,8,11,7,5,7,7,6,6,5,11,3,2,7,4,400
2020-08-13,10877,5843,4663,3506,2646,2484,2614,1446,1129,994,463,390,350,342,375,257,244,244,320,209,122,134,71,78,53,30,28,46,23,21,28,15,14,41,11,12,6,8,11,7,6,7,7,6,6,5,11,3,2,7,4,407
2020-08-14,11074,5952,4723,3559,2697,2522,2647,1471,1150,1007,467,400,361,344,382,258,246,251,330,213,126,139,71,80,53,30,28,49,23,21,28,15,15,45,12,12,6,8,11,7,8,7,7,6,6,7,11,3,2,7,4,413
2020-08-15,11182,6103,4807,3593,2723,2583,2709,1496,1162,1029,473,406,368,347,392,260,248,251,337,215,126,139,72,80,55,30,28,49,24,21,28,15,15,45,12,12,6,8,11,7,8,7,7,6,6,7,11,3,2,7,4,415
2020-08-16,11359,6176,4879,3630,2761,2626,2766,1520,1177,1042,480,413,373,349,396,265,251,257,346,221,130,139,73,80,55,30,28,50,24,21,28,15,15,46,13,12,6,8,11,7,8,8,7,6,6,7,12,4,2,7,4,421
2020-08-17,11482,6244,4925,3675,2789,2694,2797,1539,1190,1076,487,416,378,350,401,275,253,260,358,222,130,141,74,80,55,30,28,51,24,21,28,16,15,47,13,13,6,8,11,7,8,8,7,6,6,7,12,4,2,7,4,427
2020-08-18,11655,6276,5016,3700,2824,2708,2855,1563,1197,1093,493,417,385,353,403,278,255,266,360,223,130,142,74,80,55,31,28,53,26,22,28,16,15,47,14,13,6,8,11,7,8,8,8,6,6,7,12,4,2,7,4,427
2020-08-19,11780,6407,5070,3746,2852,2731,2871,1575,1211,1095,500,418,385,358,406,281,257,269,360,225,132,144,75,81,55,32,28,53,26,22,28,16,15,47,14,13,6,8,11,7,8,8,8,6,6,7,12,4,2,7,4,428
2020-08-20,11882,6465,5125,3783,2885,2760,2932,1591,1216,1108,507,427,387,362,407,285,260,277,379,226,132,144,77,81,55,32,28,54,27,22,28,16,15,48,14,13,6,8,11,7,8,8,8,6,6,7,12,4,2,7,4,429
2020-08-21,12046,6525,5174,3810,2912,2782,2961,1608,1231,1114,514,429,397,368,416,288,261,282,387,228,137,145,77,81,55,32,28,54,27,22,34,17,15,48,14,13,6,8,11,7,8,8,8,6,6,7,13,4,2,7,4,435
2020-08-22,12221,6574,5231,3856,2946,2798,2992,1629,1234,1221,521,434,398,376,424,290,262,291,393,230,137,146,77,81,55,32,28,57,27,22,34,18,15,48,14,13,6,8,11,7,8,9,8,6,6,7,13,4,2,7,4,437
2020-08-23,12317,6624,5264,3913,2985,2816,3030,1639,1255,1126,525,444,413,381,435,295,264,297,405,231,137,147,77,82,55,33,30,58,27,24,35,18,15,51,14,13,6,8,11,7,8,12,8,6,6,7,14,4,2,7,4,438
2020-08-24,12503,6660,5305,3959,3030,2837,3071,1664,1266,1138,531,446,414,382,446,296,268,301,407,231,138,147,78,82,55,33,30,58,28,24,35,18,15,51,14,13,6,8,11,7,8,12,8,6,6,7,14,4,2,7,4,440
2020-08-25,12604,6753,5395,3992,3056,2883,3104,1677,1283,1145,540,449,414,385,448,301,268,303,407,233,142,149,78,82,55,37,30,59,28,24,36,18,15,51,14,13,6,8,11,7,8,12,8,6,6,7,14,4,2,7,4,442
2020-08-26,12732,6815,5445,4020,3084,2946,3146,1699,1295,1158,542,450,414,388,450,301,268,308,407,236,147,149,79,82,55,39,30,59,28,24,36,18,16,51,14,13,6,8,11,7,8,12,8,6,6,7,14,4,2,7,4,445
2020-08-27,12851,6867,5499,4056,3110,2978,3186,1714,1319,1164,546,463,427,389,457,302,268,316,418,238,148,151,79,82,55,40,30,60,28,24,36,18,16,52,14,14,6,8,11,7,8,13,8,6,6,7,14,4,2,7,4,447
2020-08-28,12995,6915,5557,4086,3131,2999,3239,1739,1322,1176,554,468,438,395,472,304,269,323,426,239,151,154,79,82,55,41,30,60,28,24,41,18,16,52,14,15,6,8,11,7,8,13,8,6,6,7,14,4,2,7,6,453
2020-08-29,13128,6988,5616,4121,3158,3026,3289,1761,1327,1190,561,468,438,397,472,307,269,324,426,241,153,154,79,82,55,41,30,60,28,24,42,19,16,52,14,15,6,8,11,7,8,13,8,6,6,7,14,4,2,7,6,456
2020-08-30,13289,7047,5658,4148,3187,3051,3318,1780,1332,1191,571,477,451,401,493,308,269,346,432,244,157,161,79,82,55,41,30,60,29,24,49,19,19,56,14,15,6,8,11,7,8,13,10,6,6,7,14,4,2,7,6,459
2020-08-31,13454,7116,5714,4197,3214,3075,3358,1811,1336,1200,579,488,462,402,504,311,271,361,443,245,158,161,81,82,55,41,31,60,31,25,58,20,19,56,14,15,6,8,11,7,8,13,10,6,6,7,14,4,2,7,6,463
2020-09-01,13626,7178,5770,4253,3252,3098,3397,1840,1352,1214,584,488,463,407,507,318,274,368,444,245,158,161,81,82,55,41,32,60,31,25,58,22,20,56,15,16,6,8,11,7,8,14,10,6,7,7,14,4,3,7,6,464
2020-09-02,13736,7297,5825,4284,3278,3133,3451,1867,1360,1234,586,489,464,408,510,322,279,383,444,250,163,165,81,83,55,41,32,60,31,25,60,22,27,56,15,16,6,8,11,7,8,14,10,6,8,7,14,4,3,7,6,465
2020-09-03,13897,7347,5868,4336,3316,3156,3511,1899,1374,1236,590,496,469,414,528,323,281,389,451,252,163,166,82,83,56,41,32,62,31,25,64,22,27,57,17,16,6,8,11,7,8,14,10,7,8,7,14,4,3,7,6,468
2020-09-04,14053,7413,5928,4365,3338,3186,3561,1938,1391,1246,593,501,476,416,542,325,282,393,458,252,168,166,85,83,56,43,32,62,31,25,66,22,27,63,17,18,6,8,11,7,8,14,10,7,8,7,14,4,3,7,6,469
2020-09-05,14206,7495,5992,4397,3372,3203,3595,1956,1398,1266,598,505,485,419,550,328,282,398,465,253,168,166,86,83,56,43,32,62,31,25,66,22,27,64,17,18,6,8,11,7,9,14,10,7,8,7,14,4,3,7,6,472
2020-09-06,14330,7556,6038,4452,3418,3220,3652,1995,1405,1273,602,507,493,423,571,330,285,407,469,257,168,170,86,83,57,44,32,63,31,26,67,22,29,64,17,18,6,9,11,7,9,14,10,7,8,7,14,4,3,7,6,476
2020-09-07,14473,7648,6113,4486,3444,3258,3686,2016,1413,1289,609,520,498,428,578,333,286,407,475,261,171,171,86,83,57,45,32,65,31,26,67,22,29,64,17,18,6,9,11,7,9,14,10,7,8,7,14,4,3,7,6,477
2020-09-08,14614,7715,6188,4519,3461,3299,3753,2066,1413,1300,617,520,501,434,580,334,286,419,475,262,171,171,86,83,57,45,33,65,31,26,70,22,30,64,17,18,6,9,11,7,9,14,10,7,8,7,14,4,3,7,6,481
2020-09-09,14769,7806,6250,4560,3496,3336,3802,2091,1426,1310,619,523,504,437,582,335,291,420,477,263,172,174,86,83,57,45,33,66,31,26,70,22,30,64,17,19,6,9,11,7,9,14,10,7,8,7,14,4,3,7,6,482
2020-09-10,14902,7884,6305,4597,3522,3366,3862,2109,1442,1327,624,534,521,440,585,336,292,431,481,264,173,174,86,83,59,45,33,67,32,26,71,22,31,64,17,19,6,9,11,7,9,14,10,7,8,7,14,4,3,7,6,485
2020-09-11,15061,7939,6356,4635,3555,3381,3920,2141,1444,1337,629,537,530,442,599,341,295,438,489,264,179,179,86,83,60,46,34,68,32,26,76,22,32,67,17,20,6,9,11,7,9,14,10,8,8,7,15,4,3,8,6,493
2020-09-12,15224,7998,6412,4683,3571,3402,3959,2165,1461,1345,638,542,535,443,604,342,295,456,499,265,179,183,86,83,60,48,35,68,32,27,78,23,33,68,17,20,6,9,11,7,9,14,10,8,8,7,15,4,3,8,6,498
2020-09-13,15353,8051,6469,4743,3629,3413,3994,2177,1483,1351,643,545,544,446,622,350,298,461,503,268,183,187,86,83,60,48,35,69,32,27,78,25,34,68,17,21,6,9,12,7,9,14,10,8,8,7,16,4,3,8,6,499
2020-09-14,15474,8135,6514,4778,3652,3439,4084,2217,1491,1368,648,550,556,448,625,353,299,463,506,269,184,187,86,83,60,48,35,69,32,28,78,25,34,68,17,21,6,9,12,7,9,14,10,8,8,7,16,4,3,8,6,500
2020-09-15,15605,8235,6572,4810,3680,3478,4147,2251,1494,1386,651,553,556,451,627,355,301,466,507,272,184,187,87,83,61,48,36,69,32,28,78,25,34,68,17,21,6,9,12,7,9,14,10,8,8,7,16,4,3,8,6,514
2020-09-16,15785,8298,6615,4856,3708,3492,4177,2273,1513,1417,658,555,565,451,627,356,303,473,512,275,185,193,87,83,61,48,36,69,32,28,78,26,34,69,17,21,6,10,12,7,9,14,10,8,8,7,16,4,3,8,6,521
2020-09-17,15901,8339,6679,4902,3745,3518,4230,2290,1525,1420,671,558,577,453,642,360,305,483,525,278,187,196,87,83,61,48,38,69,32,28,81,29,36,71,17,21,6,10,16,7,9,14,10,8,9,7,17,4,3,8,6,523
2020-09-18,16057,8426,6728,4931,3766,3556,4284,2314,1534,1434,675,558,577,454,646,362,307,498,525,278,187,197,87,83,61,48,39,69,32,28,81,29,36,71,17,21,6,10,16,7,9,14,10,8,9,7,17,4,3,8,6,524
2020-09-19,16200,8499,6768,4968,3794,3588,4332,2341,1547,1450,681,566,588,459,656,367,307,499,544,279,188,198,87,87,61,48,39,69,33,29,81,29,36,71,17,21,6,10,16,7,9,14,10,8,9,7,17,4,3,8,6,527
2020-09-20,16308,8571,6815,5021,3824,3603,4401,2370,1560,1466,691,568,592,462,662,369,312,508,548,281,193,206,87,87,61,52,41,74,33,30,82,29,36,71,17,23,6,10,16,7,9,14,11,8,10,7,17,4,3,8,6,528
2020-09-21,16440,8645,6879,5060,3847,3630,4445,2395,1565,1480,697,578,616,462,673,371,314,509,552,282,194,206,87,87,62,52,41,74,33,30,82,29,36,71,17,23,6,10,16,8,9,14,11,8,10,7,17,4,3,8,6,531
2020-09-22,16614,8704,6912,5087,3875,3648,4482,2413,1567,1540,698,579,622,463,674,372,315,514,554,284,194,209,87,87,62,52,42,74,33,30,82,29,36,71,17,23,6,10,16,8,9,14,13,8,10,7,17,4,3,8,6,536
2020-09-23,16810,8767,6961,5148,3913,3661,4492,2424,1577,1542,700,582,622,467,676,374,317,514,557,285,194,210,87,87,62,52,42,74,33,30,82,29,36,71,17,23,6,10,16,8,9,14,13,8,10,7,17,4,3,8,6,538
2020-09-24,16943,8831,7015,5193,3940,3682,4541,2462,1587,1551,702,584,622,470,676,375,319,514,558,287,194,210,89,87,64,52,42,74,33,30,82,29,36,71,17,23,6,10,16,8,10,14,13,8,10,7,17,4,3,8,6,539
2020-09-25,17070,8885,7055,5229,3971,3716,4581,2476,1608,1556,708,589,636,470,689,379,324,520,561,289,201,217,89,87,64,53,42,74,33,30,82,29,37,71,17,23,6,10,16,8,10,14,13,8,10,7,17,4,3,8,6,541
2020-09-26,17238,8934,7093,5262,3998,3735,4629,2497,1627,1576,713,594,640,473,699,383,328,523,561,290,201,217,90,87,64,53,42,75,33,30,83,29,38,71,17,23,6,10,16,8,10,14,14,8,10,7,17,4,3,8,6,542
2020-09-27,17380,8973,7140,5294,4019,3751,4682,2520,1631,1588,721,598,658,473,711,385,329,528,566,290,207,224,90,87,65,54,44,75,33,31,84,29,38,71,17,24,6,10,14,8,10,14,15,8,10,7,17,4,3,8,6,543
2020-09-28,17518,9029,7198,5330,4058,3770,4715,2541,1643,1605,725,605,665,477,720,389,330,532,570,292,207,224,90,87,65,54,44,75,33,32,84,29,38,71,17,24,6,10,16,8,10,14,15,8,10,7,17,4,3,8,6,544
2020-09-29,17685,9104,7231,5370,4085,3791,4769,2572,1649,1617,729,606,667,477,728,389,331,540,573,294,207,224,90,87,65,54,44,75,33,32,84,29,38,71,17,24,6,10,16,8,10,14,15,8,10,7,17,4,3,8,6,544
2020-09-30,17882,9170,7276,5411,4120,3806,4797,2591,1658,1617,732,607,667,480,735,390,333,549,573,295,207,224,90,87,65,54,44,75,33,33,84,29,38,71,18,24,6,10,16,8,10,14,15,9,10,7,17,4,3,8,6,547
2020-10-01,18032,9237,7339,5445,4154,3829,4842,2610,1666,1637,742,614,672,482,753,392,333,558,577,297,207,224,90,87,65,54,44,75,33,35,84,30,38,72,18,24,6,10,16,8,10,14,16,9,10,7,17,4,3,8,6,548
2020-10-02,18168,9281,7379,5482,4191,3840,4892,2630,1675,1643,744,623,687,483,769,396,336,568,584,301,210,227,91,87,66,56,44,76,33,36,87,30,38,73,18,25,6,10,16,8,10,14,16,9,10,7,17,4,3,8,6,550
2020-10-03,18348,9337,7415,5526,4215,3853,4935,2651,1681,1654,749,642,696,485,774,397,338,573,585,302,213,227,91,87,66,56,44,76,33,36,87,32,38,73,18,25,7,10,16,8,10,14,16,9,10,7,17,4,3,8,6,551
2020-10-04,18489,9389,7466,5571,4262,3869,4974,2663,1694,1661,754,648,698,489,778,404,342,582,591,304,213,230,91,88,66,56,44,76,33,36,88,33,38,73,18,26,7,10,16,8,10,14,16,10,10,7,17,4,3,8,6,555
2020-10-05,18680,9416,7515,5630,4323,3881,5008,2681,1734,1683,756,648,699,491,778,406,343,589,591,308,213,230,91,89,67,56,45,76,33,36,86,34,38,73,18,26,7,10,16,8,10,14,16,10,10,7,17,4,3,8,6,556
2020-10-06,18784,9490,7565,5653,4333,3918,5090,2712,1736,1684,760,648,699,492,779,409,343,592,591,312,213,231,92,89,67,56,46,76,33,36,89,34,38,73,18,26,7,10,16,8,10,14,16,10,10,7,17,4,3,8,6,560
2020-10-07,18928,9546,7615,5703,4370,3932,5118,2726,1749,1697,765,648,715,498,783,411,344,616,595,318,213,231,92,89,67,57,46,78,34,37,89,34,38,73,18,26,7,10,16,8,11,14,16,10,10,7,17,4,3,8,6,560
2020-10-08,19089,9601,7658,5745,4411,3960,5159,2753,1763,1703,766,648,717,501,784,413,345,616,599,319,216,233,92,89,67,57,47,78,34,37,91,34,38,73,19,26,7,10,16,8,11,14,16,10,10,7,17,4,3,8,6,561
2020-10-09,18236,9683,7719,5795,4449,3975,5190,2781,1768,1712,771,648,721,513,788,417,351,617,603,323,216,235,933,89,67,59,48,78,34,37,91,34,38,73,19,26,7,10,16,8,11,14,16,10,10,7,17,4,3,8,6,569
2020-10-10,19387,9715,7775,5831,4476,3987,5202,2818,1771,1717,773,648,724,522,795,420,353,630,603,325,219,235,93,89,67,59,49,79,34,38,91,34,38,73,19,26,7,10,16,8,11,14,16,10,10,7,17,4,3,8,6,578
2020-10-11,19568,9747,7825,5870,4512,3998,5241,2848,1772,1721,775,648,735,526,801,426,354,638,606,327,219,238,93,89,67,61,49,79,34,38,91,34,38,73,19,26,7,11,16,8,11,14,17,10,10,7,17,4,3,8,6,579
2020-10-12,19726,9943,7867,5927,4542,4022,5268,2863,1779,1725,779,648,736,537,803,433,354,644,608,331,219,238,93,89,67,61,50,79,34,38,91,34,38,73,19,26,7,11,16,8,11,14,17,11,10,7,17,4,3,8,6,579
2020-10-13,19832,9975,7940,5993,4586,4031,5292,2892,1794,1731,783,648,737,552,803,436,363,648,608,337,220,238,93,89,68,61,50,82,34,38,91,34,38,73,19,26,7,11,16,8,11,14,17,11,10,8,17,4,3,8,6,584
2020-10-14,19991,9976,7986,6035,4613,4046,5337,2927,1798,1733,786,653,746,556,804,439,365,652,609,338,221,241,94,91,68,61,50,82,34,39,91,34,38,73,19,26,7,11,16,8,11,15,17,11,10,8,17,4,3,8,6,587
2020-10-15,20164,9977,8038,6077,4641,4064,5373,2949,1812,1742,792,661,770,557,807,444,365,658,611,339,229,244,94,91,69,61,52,82,34,40,91,34,38,73,19,26,7,11,16,8,11,15,17,13,10,8,17,4,3,8,7,588
2020-10-16,20306,10040,8081,6132,4676,4081,5403,2974,1815,1747,793,667,780,559,816,445,367,666,616,342,229,249,95,91,69,63,52,82,34,40,92,34,38,73,19,26,7,11,16,8,11,15,17,13,10,8,17,4,3,8,7,591
2020-10-17,20504,10093,8129,6162,4696,4092,5446,2998,1825,1749,800,671,787,561,825,450,368,673,622,343,229,250,98,91,69,63,52,82,34,41,92,34,38,73,19,26,7,11,16,8,11,15,17,13,10,8,17,4,3,8,7,594
2020-10-18,20650,10154,8173,6211,4744,4108,5492,3012,1846,1755,803,679,795,563,833,456,370,692,624,344,230,254,98,92,71,66,52,82,34,42,92,34,38,73,19,26,7,11,16,8,11,15,17,13,10,8,17,4,3,8,7,597
2020-10-19,20823,10208,8237,6264,4812,4117,5511,3032,1874,1761,804,681,796,567,833,462,375,695,625,349,231,256,98,94,73,66,52,85,34,42,94,34,38,73,19,26,7,11,16,8,12,15,19,13,11,8,17,4,3,8,7,598
2020-10-20,21039,10259,8312,6321,4839,4130,5555,3058,1878,1764,805,681,808,570,836,466,380,703,625,352,235,256,98,94,74,66,52,85,34,42,94,34,38,73,19,26,7,11,16,8,12,15,20,13,11,8,17,4,3,8,7,600
2020-10-21,21222,10332,8371,6381,4911,4142,5594,3080,1900,1767,807,682,812,578,837,471,388,705,626,357,235,256,98,94,74,66,52,87,34,42,94,36,38,73,19,26,7,11,16,8,12,15,21,13,11,8,17,4,3,8,7,602
2020-10-22,21407,10386,8428,6444,4994,4154,5606,3105,1930,1776,811,696,821,580,843,473,393,705,628,361,243,256,99,94,77,66,52,87,34,42,96,38,38,73,19,26,7,11,16,8,13,15,21,13,11,8,17,4,3,8,7,607
2020-10-23,21677,10466,8487,6498,5025,4171,5642,3119,1932,1786,813,701,830,585,845,474,395,718,629,362,243,267,101,94,77,66,52,87,34,42,96,38,39,73,19,26,7,11,16,8,13,15,21,13,11,8,17,4,3,8,7,621
2020-10-24,21810,10530,8583,6571,5093,4180,5672,3140,1952,1797,819,702,836,589,846,475,397,722,630,364,248,271,101,94,77,66,52,87,34,42,96,40,39,73,20,26,7,11,16,8,13,15,21,13,11,8,18,4,3,8,7,626
2020-10-25,21945,10614,8623,6618,5150,4202,5718,3164,1967,1801,826,712,844,595,848,475,402,726,636,367,248,279,101,95,78,68,52,88,34,42,97,40,39,73,20,26,7,12,16,8,14,16,21,14,11,8,18,4,3,8,7,626
2020-10-26,22134,10685,8676,6673,5171,4224,5775,3196,1977,1808,832,723,853,597,855,477,403,736,641,368,248,280,101,95,79,68,52,88,34,43,97,40,39,75,20,26,7,12,16,8,14,16,22,14,11,8,18,4,3,8,7,631
2020-10-27,22337,10733,8734,6733,5215,4233,5856,3239,1993,1831,835,724,855,601,856,479,403,740,642,372,251,280,101,95,79,68,52,89,34,43,97,41,39,75,20,26,7,12,16,8,14,16,22,14,11,8,19,4,3,8,7,634
2020-10-28,22514,10789,8799,6776,5267,4253,5901,3271,2010,1844,843,727,874,603,860,480,407,745,648,376,251,282,101,95,79,68,53,89,34,43,97,41,39,75,21,26,7,12,16,8,14,16,22,14,12,8,19,4,3,9,7,638
2020-10-29,22678,10846,8857,6829,5304,4280,5981,3302,2020,1851,844,745,888,605,863,489,410,748,652,378,259,282,101,95,79,68,53,91,34,46,97,41,39,75,21,26,7,12,16,8,14,16,22,14,12,8,19,4,3,9,7,641
2020-10-30,22903,10929,8918,6880,5346,4290,6021,3321,2025,1874,847,752,898,606,868,493,412,752,655,378,259,290,101,95,79,72,53,91,34,46,103,41,42,75,21,26,7,12,16,8,14,16,23,14,13,8,19,4,3,9,7,641
2020-10-31,23094,10987,8989,6930,5404,4300,6077,3355,2043,1883,850,758,908,611,872,493,415,757,658,381,259,295,101,95,79,72,53,92,34,47,103,43,42,76,21,26,7,12,16,8,15,16,23,15,13,9,19,4,3,11,7,646